Fund Name,P1,P2,P3,P4,P5,Topsis Score,Rank
M1,0.95,0.9,6.8,39.6,12.06,0.5391638293714519,5.0
M2,0.92,0.85,3.2,50.8,13.94,0.6599772695995451,1.0
M3,0.64,0.41,6.4,48.0,13.86,0.3410079019836189,8.0
M4,0.61,0.37,6.7,70.0,19.42,0.35821245837310767,7.0
M5,0.9,0.81,4.1,31.0,9.2,0.5986003150645677,3.0
M6,0.95,0.9,4.9,36.3,10.76,0.6086745609673918,2.0
M7,0.85,0.72,4.8,36.8,10.79,0.5552546425107641,4.0
M8,0.66,0.44,3.0,43.9,12.0,0.49623642287126307,6.0
