Fund,P1,P2,P3,P4,P5,Topsis Score,Rank
M1,0.67,0.45,65,42.6,12.56,0.37236594217317903,7
M2,0.6,0.36,53,33.3,14.47,0.22658932000187013,8
M3,0.82,0.67,48,63.1,17.1,0.7444793993322001,1
M4,0.73,0.58,56,59.2,18.42,0.7278667684317817,2
M5,0.76,0.58,48,43.0,12.29,0.41281025855714315,5
M6,0.69,0.48,46,48.7,14.12,0.3957199712200731,6
M7,0.79,0.62,48,56.3,16.35,0.6631916754070466,3
M8,0.84,0.71,65,34.5,10.65,0.4971327844021995,4
